statement ok
CREATE TABLE test (x INT, y INT);

statement ok
INSERT INTO test VALUES (1, 1), (2, 2), (1, 1), (3, 3);

query II
SELECT DISTINCT * FROM test ORDER BY x;
----
1 1
2 2
3 3

query II
SELECT DISTINCT x FROM test ORDER BY y DESC;
----
3 3
2 2
1 1